t;Pa
0,00;1,01E+05
1,00;1,01E+05
2,00;1,01E+05
3,00;1,01E+05
4,00;9,33E+04
5,00;8,38E+04
6,00;7,34E+04
7,00;6,54E+04
8,00;5,86E+04
9,00;5,29E+04
10,00;4,88E+04
11,00;4,35E+04
12,00;4,05E+04
13,00;3,76E+04
14,00;3,41E+04
15,00;3,10E+04
16,00;2,87E+04
17,00;2,60E+04
18,00;2,38E+04
19,00;2,16E+04
20,00;2,04E+04
21,00;1,93E+04
22,00;1,81E+04
23,00;1,69E+04
24,00;1,58E+04
25,00;1,46E+04
26,00;1,35E+04
27,00;1,24E+04
28,00;1,14E+04
29,00;1,07E+04
30,00;1,01E+04
31,00;9,51E+03
32,00;8,92E+03
33,00;8,34E+03
34,00;7,80E+03
35,00;7,33E+03
36,00;6,81E+03
37,00;6,44E+03
38,00;6,07E+03
39,00;5,71E+03
40,00;5,38E+03
41,00;5,00E+03
42,00;4,65E+03
43,00;4,39E+03
44,00;4,21E+03
45,00;4,04E+03
46,00;3,84E+03
47,00;3,66E+03
48,00;3,47E+03
49,00;3,29E+03
50,00;3,11E+03
51,00;2,93E+03
52,00;2,77E+03
53,00;2,60E+03
54,00;2,43E+03
55,00;2,28E+03
56,00;2,18E+03
57,00;2,08E+03
58,00;1,99E+03
59,00;1,90E+03
60,00;1,81E+03
61,00;1,72E+03
62,00;1,64E+03
63,00;1,56E+03
64,00;1,48E+03
65,00;1,40E+03
66,00;1,33E+03
67,00;1,26E+03
68,00;1,19E+03
69,00;1,13E+03
70,00;1,08E+03
71,00;1,04E+03
72,00;9,97E+02
73,00;9,56E+02
74,00;9,17E+02
75,00;8,80E+02
76,00;8,46E+02
77,00;8,13E+02
78,00;7,80E+02
79,00;7,50E+02
80,00;7,21E+02
81,00;6,92E+02
82,00;6,66E+02
83,00;6,44E+02
84,00;6,24E+02
85,00;6,04E+02
86,00;5,85E+02
87,00;5,66E+02
88,00;5,49E+02
89,00;5,32E+02
90,00;5,16E+02
91,00;5,00E+02
92,00;4,85E+02
93,00;4,70E+02
94,00;4,57E+02
95,00;4,44E+02
96,00;4,33E+02
97,00;4,21E+02
98,00;4,11E+02
99,00;4,01E+02
100,00;3,91E+02
101,00;3,82E+02
102,00;3,73E+02
103,00;3,64E+02
104,00;3,55E+02
105,00;3,47E+02
106,00;3,40E+02
107,00;3,33E+02
108,00;3,26E+02
109,00;3,19E+02
110,00;3,12E+02
111,00;3,06E+02
112,00;3,00E+02
113,00;2,94E+02
114,00;2,89E+02
115,00;2,84E+02
116,00;2,79E+02
117,00;2,74E+02
118,00;2,69E+02
119,00;2,65E+02
120,00;2,60E+02
121,00;2,56E+02
122,00;2,52E+02
123,00;2,48E+02
124,00;2,45E+02
125,00;2,41E+02
126,00;2,37E+02
127,00;2,34E+02
128,00;2,31E+02
129,00;2,28E+02
130,00;2,25E+02
131,00;2,21E+02
132,00;2,18E+02
133,00;2,16E+02
134,00;2,13E+02
135,00;2,10E+02
136,00;2,08E+02
137,00;2,05E+02
138,00;2,03E+02
139,00;2,00E+02
140,00;1,98E+02
141,00;1,96E+02
142,00;1,93E+02
143,00;1,91E+02
144,00;1,89E+02
145,00;1,87E+02
146,00;1,85E+02
147,00;1,84E+02
148,00;1,82E+02
149,00;1,80E+02
150,00;1,79E+02
151,00;1,77E+02
152,00;1,75E+02
153,00;1,73E+02
154,00;1,72E+02
155,00;1,70E+02
156,00;1,69E+02
157,00;1,67E+02
158,00;1,66E+02
159,00;1,65E+02
160,00;1,63E+02
161,00;1,62E+02
162,00;1,61E+02
163,00;1,59E+02
164,00;1,58E+02
165,00;1,57E+02
166,00;1,56E+02
167,00;1,55E+02
168,00;1,54E+02
169,00;1,53E+02
170,00;1,52E+02
171,00;1,51E+02
172,00;1,49E+02
173,00;1,48E+02
174,00;1,47E+02
175,00;1,46E+02
176,00;1,45E+02
177,00;1,44E+02
178,00;1,43E+02
179,00;1,42E+02
180,00;1,42E+02
181,00;1,41E+02
182,00;1,40E+02
183,00;1,39E+02
184,00;1,38E+02
185,00;1,37E+02
186,00;1,36E+02
187,00;1,35E+02
188,00;1,35E+02
189,00;1,34E+02
190,00;1,33E+02
191,00;1,32E+02
192,00;1,32E+02
193,00;1,31E+02
194,00;1,30E+02
195,00;1,30E+02
196,00;1,29E+02
197,00;1,28E+02
198,00;1,28E+02
199,00;1,27E+02
200,00;1,26E+02
201,00;1,26E+02
202,00;1,25E+02
203,00;1,24E+02
204,00;1,24E+02
205,00;1,23E+02
206,00;1,22E+02
207,00;1,22E+02
208,00;1,21E+02
209,00;1,20E+02
210,00;1,20E+02
211,00;1,19E+02
212,00;1,19E+02
213,00;1,18E+02
214,00;1,17E+02
215,00;1,17E+02
216,00;1,16E+02
217,00;1,16E+02
218,00;1,15E+02
219,00;1,15E+02
220,00;1,14E+02
221,00;1,14E+02
222,00;1,13E+02
223,00;1,13E+02
224,00;1,12E+02
225,00;1,12E+02
226,00;1,11E+02
227,00;1,11E+02
228,00;1,10E+02
229,00;1,10E+02
230,00;1,09E+02
231,00;1,09E+02
232,00;1,08E+02
233,00;1,08E+02
234,00;1,07E+02
235,00;1,07E+02
236,00;1,06E+02
237,00;1,06E+02
238,00;1,06E+02
239,00;1,05E+02
240,00;1,05E+02
241,00;1,04E+02
242,00;1,04E+02
243,00;1,03E+02
244,00;1,03E+02
245,00;1,03E+02
246,00;1,02E+02
247,00;1,02E+02
248,00;1,01E+02
249,00;1,01E+02
250,00;1,00E+02
251,00;9,99E+01
252,00;9,95E+01
253,00;9,91E+01
254,00;9,87E+01
255,00;9,83E+01
256,00;9,79E+01
257,00;9,75E+01
258,00;9,72E+01
259,00;9,68E+01
260,00;9,64E+01
261,00;9,61E+01
262,00;9,57E+01
263,00;9,54E+01
264,00;9,50E+01
265,00;9,47E+01
266,00;9,43E+01
267,00;9,40E+01
268,00;9,36E+01
269,00;9,33E+01
270,00;9,30E+01
271,00;9,26E+01
272,00;9,23E+01
273,00;9,20E+01
274,00;9,17E+01
275,00;9,13E+01
276,00;9,10E+01
277,00;9,07E+01
278,00;9,04E+01
279,00;9,01E+01
280,00;8,98E+01
281,00;8,95E+01
282,00;8,91E+01
283,00;8,88E+01
284,00;8,84E+01
285,00;8,82E+01
286,00;8,79E+01
287,00;8,76E+01
288,00;8,73E+01
289,00;8,70E+01
290,00;8,67E+01
291,00;8,64E+01
292,00;8,62E+01
293,00;8,59E+01
294,00;8,56E+01
295,00;8,54E+01
296,00;8,51E+01
297,00;8,48E+01
298,00;8,46E+01
299,00;8,43E+01
300,00;8,41E+01
301,00;8,38E+01
302,00;8,35E+01
303,00;8,33E+01
304,00;8,31E+01
305,00;8,28E+01
306,00;8,26E+01
307,00;8,23E+01
308,00;8,20E+01
309,00;8,18E+01
310,00;8,16E+01
311,00;8,13E+01
312,00;8,11E+01
313,00;8,09E+01
314,00;8,07E+01
315,00;8,05E+01
316,00;8,02E+01
317,00;8,00E+01
318,00;7,98E+01
319,00;7,96E+01
320,00;7,93E+01
321,00;7,91E+01
322,00;7,89E+01
323,00;7,87E+01
324,00;7,85E+01
325,00;7,82E+01
326,00;7,80E+01
327,00;7,79E+01
328,00;7,77E+01
329,00;7,75E+01
330,00;7,72E+01
331,00;7,70E+01
332,00;7,68E+01
333,00;7,66E+01
334,00;7,64E+01
335,00;7,62E+01
336,00;7,60E+01
337,00;7,58E+01
338,00;7,56E+01
339,00;7,54E+01
340,00;7,52E+01
341,00;7,50E+01
342,00;7,48E+01
343,00;7,46E+01
344,00;7,43E+01
345,00;7,41E+01
346,00;7,40E+01
347,00;7,38E+01
348,00;7,36E+01
349,00;7,34E+01
350,00;7,32E+01
351,00;7,30E+01
352,00;7,28E+01
353,00;7,27E+01
354,00;7,25E+01
355,00;7,23E+01
356,00;7,21E+01
357,00;7,20E+01
358,00;7,18E+01
359,00;7,16E+01
360,00;7,15E+01
361,00;7,13E+01
362,00;7,11E+01
363,00;7,09E+01
364,00;7,08E+01
365,00;7,06E+01
366,00;7,05E+01
367,00;7,03E+01
368,00;7,01E+01
369,00;7,00E+01
370,00;6,98E+01
371,00;6,97E+01
372,00;6,95E+01
373,00;6,94E+01
374,00;6,92E+01
375,00;6,91E+01
376,00;6,89E+01
377,00;6,88E+01
378,00;6,87E+01
379,00;6,84E+01
380,00;6,83E+01
381,00;6,82E+01
382,00;6,80E+01
383,00;6,79E+01
384,00;6,77E+01
385,00;6,76E+01
386,00;6,74E+01
387,00;6,73E+01
388,00;6,71E+01
389,00;6,70E+01
390,00;6,68E+01
391,00;6,66E+01
392,00;6,65E+01
393,00;6,63E+01
394,00;6,61E+01
395,00;6,60E+01
396,00;6,58E+01
397,00;6,56E+01
398,00;6,55E+01
399,00;6,54E+01
400,00;6,52E+01
401,00;6,50E+01
402,00;6,48E+01
403,00;6,47E+01
404,00;6,45E+01
405,00;6,44E+01
406,00;6,42E+01
407,00;6,41E+01
408,00;6,39E+01
409,00;6,38E+01
410,00;6,36E+01
411,00;6,34E+01
412,00;6,33E+01
413,00;6,32E+01
414,00;6,30E+01
415,00;6,29E+01
416,00;6,27E+01
417,00;6,26E+01
418,00;6,24E+01
419,00;6,22E+01
420,00;6,21E+01
421,00;6,20E+01
422,00;6,18E+01
423,00;6,17E+01
424,00;6,16E+01
425,00;6,15E+01
426,00;6,13E+01
427,00;6,12E+01
428,00;6,11E+01
429,00;6,09E+01
430,00;6,08E+01
431,00;6,07E+01
432,00;6,06E+01
433,00;6,04E+01
434,00;6,03E+01
435,00;6,02E+01
436,00;6,00E+01
437,00;5,99E+01
438,00;5,98E+01
439,00;5,97E+01
440,00;5,96E+01
441,00;5,94E+01
442,00;5,93E+01
443,00;5,92E+01
444,00;5,91E+01
445,00;5,89E+01
446,00;5,88E+01
447,00;5,87E+01
448,00;5,86E+01
449,00;5,84E+01
450,00;5,83E+01
451,00;5,82E+01
452,00;5,80E+01
453,00;5,79E+01
454,00;5,78E+01
455,00;5,77E+01
456,00;5,76E+01
457,00;5,75E+01
458,00;5,74E+01
459,00;5,72E+01
460,00;5,71E+01
461,00;5,70E+01
462,00;5,69E+01
463,00;5,68E+01
464,00;5,67E+01
465,00;5,65E+01
466,00;5,64E+01
467,00;5,63E+01
468,00;5,63E+01
469,00;5,61E+01
470,00;5,60E+01
471,00;5,59E+01
472,00;5,58E+01
473,00;5,57E+01
474,00;5,56E+01
475,00;5,55E+01
476,00;5,54E+01
477,00;5,53E+01
478,00;5,52E+01
479,00;5,51E+01
480,00;5,50E+01
481,00;5,49E+01
482,00;5,48E+01
483,00;5,47E+01
484,00;5,46E+01
485,00;5,45E+01
486,00;5,44E+01
487,00;5,43E+01
488,00;5,42E+01
489,00;5,41E+01
490,00;5,40E+01
491,00;5,39E+01
492,00;5,38E+01
493,00;5,37E+01
494,00;5,37E+01
495,00;5,36E+01
496,00;5,35E+01
497,00;5,34E+01
498,00;5,33E+01
499,00;5,32E+01
500,00;5,31E+01
501,00;5,30E+01
502,00;5,29E+01
503,00;5,28E+01
504,00;5,27E+01
505,00;5,26E+01
506,00;5,25E+01
507,00;5,24E+01
508,00;5,23E+01
509,00;5,23E+01
510,00;5,22E+01
511,00;5,21E+01
512,00;5,20E+01
513,00;5,19E+01
514,00;5,18E+01
515,00;5,17E+01
516,00;5,16E+01
517,00;5,16E+01
518,00;5,15E+01
519,00;5,14E+01
520,00;5,13E+01
521,00;5,12E+01
522,00;5,12E+01
523,00;5,11E+01
524,00;5,10E+01
525,00;5,09E+01
526,00;5,08E+01
527,00;5,07E+01
528,00;5,07E+01
529,00;5,06E+01
530,00;5,05E+01
531,00;5,04E+01
532,00;5,03E+01
533,00;5,03E+01
534,00;5,02E+01
535,00;5,01E+01
536,00;5,00E+01
537,00;4,99E+01
538,00;4,98E+01
539,00;4,98E+01
540,00;4,97E+01
541,00;4,96E+01
542,00;4,95E+01
543,00;4,94E+01
544,00;4,94E+01
545,00;4,93E+01
546,00;4,92E+01
547,00;4,91E+01
548,00;4,91E+01
549,00;4,90E+01
550,00;4,89E+01
551,00;4,88E+01
552,00;4,88E+01
553,00;4,87E+01
554,00;4,86E+01
555,00;4,85E+01
556,00;4,84E+01
557,00;4,83E+01
558,00;4,83E+01
559,00;4,82E+01
560,00;4,81E+01
561,00;4,81E+01
562,00;4,80E+01
563,00;4,79E+01
564,00;4,78E+01
565,00;4,77E+01
566,00;4,77E+01
567,00;4,76E+01
568,00;4,75E+01
569,00;4,75E+01
570,00;4,74E+01
571,00;4,74E+01
572,00;4,73E+01
573,00;4,72E+01
574,00;4,72E+01
575,00;4,71E+01
576,00;4,70E+01
577,00;4,70E+01
578,00;4,69E+01
579,00;4,68E+01
580,00;4,68E+01
581,00;4,67E+01
582,00;4,67E+01
583,00;4,66E+01
584,00;4,65E+01
585,00;4,64E+01
586,00;4,64E+01
587,00;4,63E+01
588,00;4,62E+01
589,00;4,61E+01
590,00;4,61E+01
591,00;4,60E+01
592,00;4,59E+01
593,00;4,59E+01
594,00;4,58E+01
595,00;4,57E+01
596,00;4,57E+01
597,00;4,56E+01
598,00;4,56E+01
599,00;4,55E+01
600,00;4,55E+01
601,00;4,54E+01
602,00;4,53E+01
603,00;4,53E+01
604,00;4,52E+01
605,00;4,52E+01
606,00;4,51E+01
607,00;4,50E+01
608,00;4,50E+01
609,00;4,49E+01
610,00;4,48E+01
611,00;4,47E+01
612,00;4,47E+01
613,00;4,46E+01
614,00;4,45E+01
615,00;4,44E+01
616,00;4,44E+01
617,00;4,43E+01
618,00;4,42E+01
619,00;4,42E+01
620,00;4,41E+01
621,00;4,40E+01
622,00;4,40E+01
623,00;4,39E+01
624,00;4,38E+01
625,00;4,38E+01
626,00;4,37E+01
627,00;4,36E+01
628,00;4,36E+01
629,00;4,35E+01
630,00;4,34E+01
631,00;4,34E+01
632,00;4,33E+01
633,00;4,32E+01
634,00;4,32E+01
635,00;4,31E+01
636,00;4,30E+01
637,00;4,30E+01
638,00;4,29E+01
639,00;4,28E+01
640,00;4,28E+01
641,00;4,27E+01
642,00;4,26E+01
643,00;4,25E+01
644,00;4,25E+01
645,00;4,24E+01
646,00;4,24E+01
647,00;4,23E+01
648,00;4,22E+01
649,00;4,22E+01
650,00;4,21E+01
651,00;4,21E+01
652,00;4,20E+01
653,00;4,20E+01
654,00;4,19E+01
655,00;4,18E+01
656,00;4,18E+01
657,00;4,17E+01
658,00;4,17E+01
659,00;4,16E+01
660,00;4,15E+01
661,00;4,15E+01
662,00;4,14E+01
663,00;4,13E+01
664,00;4,13E+01
665,00;4,12E+01
666,00;4,12E+01
667,00;4,11E+01
668,00;4,10E+01
669,00;4,14E+01
670,00;4,22E+01
671,00;4,31E+01
672,00;4,40E+01
673,00;4,50E+01
674,00;4,58E+01
675,00;4,66E+01
676,00;4,75E+01
677,00;4,83E+01
678,00;4,91E+01
679,00;4,99E+01
680,00;5,07E+01
681,00;5,15E+01
682,00;5,23E+01
683,00;5,31E+01
684,00;5,40E+01
685,00;5,48E+01
686,00;5,66E+01
687,00;5,81E+01
688,00;5,89E+01
689,00;5,97E+01
690,00;6,05E+01
691,00;6,14E+01
692,00;6,22E+01
693,00;6,30E+01
694,00;6,38E+01
695,00;6,46E+01
696,00;6,54E+01
697,00;6,62E+01
698,00;6,70E+01
699,00;6,77E+01
700,00;6,84E+01
701,00;6,91E+01
702,00;6,97E+01
703,00;7,04E+01
704,00;7,11E+01
705,00;7,17E+01
706,00;7,23E+01
707,00;7,30E+01
708,00;7,37E+01
709,00;7,43E+01
710,00;7,49E+01
711,00;7,56E+01
712,00;7,63E+01
713,00;7,69E+01
714,00;7,75E+01
715,00;7,81E+01
716,00;7,87E+01
717,00;7,93E+01
718,00;7,83E+01
719,00;7,63E+01
720,00;7,44E+01
721,00;7,27E+01
722,00;7,10E+01
723,00;6,95E+01
724,00;6,80E+01
725,00;6,66E+01
726,00;6,50E+01
727,00;6,36E+01
728,00;6,23E+01
729,00;6,10E+01
730,00;5,99E+01
731,00;5,88E+01
732,00;5,77E+01
733,00;5,67E+01
734,00;5,58E+01
735,00;5,49E+01
736,00;5,40E+01
737,00;5,32E+01
738,00;5,24E+01
739,00;5,17E+01
740,00;5,10E+01
741,00;5,03E+01
742,00;4,97E+01
743,00;4,91E+01
744,00;4,85E+01
745,00;4,79E+01
746,00;4,74E+01
747,00;4,68E+01
748,00;4,63E+01
749,00;4,58E+01
750,00;4,54E+01
751,00;4,49E+01
752,00;4,44E+01
753,00;4,38E+01
754,00;4,33E+01
755,00;4,28E+01
756,00;4,24E+01
757,00;4,20E+01
758,00;4,16E+01
759,00;4,11E+01
760,00;4,07E+01
761,00;4,03E+01
762,00;3,99E+01
763,00;3,95E+01
764,00;3,92E+01
765,00;3,88E+01
766,00;3,85E+01
767,00;3,81E+01
768,00;3,78E+01
769,00;3,75E+01
770,00;3,72E+01
771,00;3,70E+01
772,00;3,67E+01
773,00;3,64E+01
774,00;3,62E+01
775,00;3,59E+01
776,00;3,57E+01
777,00;3,54E+01
778,00;3,52E+01
779,00;3,50E+01
780,00;3,48E+01
781,00;3,45E+01
782,00;3,43E+01
783,00;3,41E+01
784,00;3,39E+01
785,00;3,37E+01
786,00;3,35E+01
787,00;3,33E+01
788,00;3,32E+01
789,00;3,30E+01
790,00;3,28E+01
791,00;3,27E+01
792,00;3,25E+01
793,00;3,24E+01
794,00;3,22E+01
795,00;3,21E+01
796,00;3,19E+01
797,00;3,18E+01
798,00;3,17E+01
799,00;3,15E+01
800,00;3,14E+01
801,00;3,13E+01
802,00;3,11E+01
803,00;3,10E+01
804,00;3,09E+01
805,00;3,08E+01
806,00;3,06E+01
807,00;3,05E+01
808,00;3,04E+01
809,00;3,03E+01
810,00;3,02E+01
811,00;3,01E+01
812,00;3,00E+01
813,00;2,99E+01
814,00;2,98E+01
815,00;2,97E+01
816,00;2,96E+01
817,00;2,95E+01
818,00;2,93E+01
819,00;2,93E+01
820,00;2,91E+01
821,00;2,90E+01
822,00;2,89E+01
823,00;2,88E+01
824,00;2,87E+01
825,00;2,86E+01
826,00;2,85E+01
827,00;2,83E+01
828,00;2,82E+01
829,00;2,81E+01
830,00;2,79E+01
831,00;2,78E+01
832,00;2,77E+01
833,00;2,75E+01
834,00;2,73E+01
835,00;2,71E+01
836,00;2,69E+01
837,00;2,67E+01
838,00;2,65E+01
839,00;2,63E+01
840,00;2,60E+01
841,00;2,58E+01
842,00;2,55E+01
843,00;2,52E+01
844,00;2,48E+01
845,00;2,45E+01
846,00;2,41E+01
847,00;2,36E+01
848,00;2,32E+01
849,00;2,27E+01
850,00;2,22E+01
851,00;2,16E+01
852,00;2,10E+01
853,00;2,03E+01
854,00;1,97E+01
855,00;1,89E+01
856,00;1,82E+01
857,00;1,76E+01
858,00;1,70E+01
859,00;1,65E+01
860,00;1,59E+01
861,00;1,54E+01
862,00;1,49E+01
863,00;1,45E+01
864,00;1,41E+01
865,00;1,37E+01
866,00;1,33E+01
867,00;1,29E+01
868,00;1,26E+01
869,00;1,23E+01
870,00;1,20E+01
871,00;1,17E+01
872,00;1,14E+01
873,00;1,11E+01
874,00;1,08E+01
875,00;1,05E+01
876,00;1,02E+01
877,00;9,95E+00
878,00;9,69E+00
879,00;9,46E+00
880,00;9,22E+00
881,00;9,01E+00
882,00;8,80E+00
883,00;8,59E+00
884,00;8,39E+00
885,00;8,19E+00
886,00;8,02E+00
887,00;7,85E+00
888,00;7,69E+00
889,00;7,54E+00
890,00;7,43E+00
891,00;7,30E+00
892,00;7,17E+00
893,00;7,05E+00
894,00;6,94E+00
895,00;6,85E+00
896,00;6,75E+00
897,00;6,64E+00
898,00;6,54E+00
899,00;6,44E+00
900,00;6,34E+00
901,00;6,26E+00
902,00;6,17E+00
903,00;6,09E+00
904,00;6,00E+00
905,00;5,92E+00
906,00;5,84E+00
907,00;5,77E+00
908,00;5,70E+00
909,00;5,63E+00
910,00;5,57E+00
911,00;5,50E+00
912,00;5,43E+00
913,00;5,36E+00
914,00;5,31E+00
915,00;5,25E+00
916,00;5,19E+00
917,00;5,13E+00
918,00;5,08E+00
919,00;5,04E+00
920,00;4,99E+00
921,00;4,94E+00
922,00;4,89E+00
923,00;4,85E+00
924,00;4,80E+00
925,00;4,75E+00
926,00;4,71E+00
927,00;4,67E+00
928,00;4,62E+00
929,00;4,58E+00
930,00;4,55E+00
931,00;4,50E+00
932,00;4,46E+00
933,00;4,40E+00
934,00;4,35E+00
935,00;4,29E+00
936,00;4,24E+00
937,00;4,20E+00
938,00;4,15E+00
939,00;4,10E+00
940,00;4,05E+00
941,00;4,01E+00
942,00;3,97E+00
943,00;3,94E+00
944,00;3,89E+00
945,00;3,85E+00
946,00;3,80E+00
947,00;3,76E+00
948,00;3,73E+00
949,00;3,69E+00
950,00;3,65E+00
951,00;3,62E+00
952,00;3,58E+00
953,00;3,55E+00
954,00;3,52E+00
955,00;3,48E+00
956,00;3,45E+00
957,00;3,42E+00
958,00;3,40E+00
959,00;3,36E+00
960,00;3,33E+00
961,00;3,30E+00
962,00;3,27E+00
963,00;3,24E+00
964,00;3,21E+00
965,00;3,19E+00
966,00;3,16E+00
967,00;3,13E+00
968,00;3,11E+00
969,00;3,08E+00
970,00;3,06E+00
971,00;3,03E+00
972,00;3,01E+00
973,00;2,99E+00
974,00;2,97E+00
975,00;2,94E+00
976,00;2,93E+00
977,00;2,92E+00
978,00;2,90E+00
979,00;2,87E+00
980,00;2,86E+00
981,00;2,83E+00
982,00;2,81E+00
983,00;2,79E+00
984,00;2,77E+00
985,00;2,75E+00
986,00;2,73E+00
987,00;2,72E+00
988,00;2,70E+00
989,00;2,68E+00
990,00;2,67E+00
991,00;2,65E+00
992,00;2,64E+00
993,00;2,62E+00
994,00;2,60E+00
995,00;2,58E+00
996,00;2,57E+00
997,00;2,55E+00
998,00;2,54E+00
999,00;2,53E+00
1000,00;2,51E+00
1001,00;2,50E+00
1002,00;2,48E+00
1003,00;2,47E+00
1004,00;2,46E+00
1005,00;2,45E+00
1006,00;2,43E+00
1007,00;2,42E+00
1008,00;2,40E+00
1009,00;2,39E+00
1010,00;2,38E+00
1011,00;2,36E+00
1012,00;2,35E+00
1013,00;2,34E+00
1014,00;2,33E+00
1015,00;2,31E+00
1016,00;2,31E+00
1017,00;2,29E+00
1018,00;2,28E+00
1019,00;2,27E+00
1020,00;2,26E+00
1021,00;2,25E+00
1022,00;2,24E+00
1023,00;2,21E+00
1024,00;2,20E+00
1025,00;2,18E+00
1026,00;2,17E+00
1027,00;2,15E+00
1028,00;2,14E+00
1029,00;2,12E+00
1030,00;2,11E+00
1031,00;2,10E+00
1032,00;2,09E+00
1033,00;2,08E+00
1034,00;2,07E+00
1035,00;2,05E+00
1036,00;2,04E+00
1037,00;2,02E+00
1038,00;2,01E+00
1039,00;1,99E+00
1040,00;1,98E+00
1041,00;1,97E+00
1042,00;1,96E+00
1043,00;1,94E+00
1044,00;1,93E+00
1045,00;1,92E+00
1046,00;1,91E+00
1047,00;1,90E+00
1048,00;1,89E+00
1049,00;1,88E+00
1050,00;1,86E+00
1051,00;1,85E+00
1052,00;1,84E+00
1053,00;1,83E+00
1054,00;1,82E+00
1055,00;1,81E+00
1056,00;1,80E+00
1057,00;1,79E+00
1058,00;1,78E+00
1059,00;1,77E+00
1060,00;1,76E+00
1061,00;1,75E+00
1062,00;1,74E+00
1063,00;1,73E+00
1064,00;1,72E+00
1065,00;1,71E+00
1066,00;1,70E+00
1067,00;1,69E+00
1068,00;1,68E+00
1069,00;1,68E+00
1070,00;1,66E+00
1071,00;1,66E+00
1072,00;1,65E+00
1073,00;1,64E+00
1074,00;1,64E+00
1075,00;1,63E+00
1076,00;1,62E+00
1077,00;1,61E+00
1078,00;1,61E+00
1079,00;1,60E+00
1080,00;1,59E+00
1081,00;1,59E+00
1082,00;1,58E+00
1083,00;1,57E+00
1084,00;1,57E+00
1085,00;1,57E+00
1086,00;1,56E+00
1087,00;1,55E+00
1088,00;1,55E+00
1089,00;1,54E+00
1090,00;1,53E+00
1091,00;1,52E+00
1092,00;1,51E+00
1093,00;1,50E+00
1094,00;1,50E+00
1095,00;1,49E+00
1096,00;1,48E+00
1097,00;1,48E+00
1098,00;1,47E+00
1099,00;1,47E+00
1100,00;1,45E+00
1101,00;1,45E+00
1102,00;1,45E+00
1103,00;1,44E+00
1104,00;1,43E+00
1105,00;1,43E+00
1106,00;1,42E+00
1107,00;1,42E+00
1108,00;1,41E+00
1109,00;1,41E+00
1110,00;1,40E+00
1111,00;1,40E+00
1112,00;1,39E+00
1113,00;1,38E+00
1114,00;1,38E+00
1115,00;1,37E+00
1116,00;1,37E+00
1117,00;1,36E+00
1118,00;1,36E+00
1119,00;1,35E+00
1120,00;1,35E+00
1121,00;1,34E+00
1122,00;1,34E+00
1123,00;1,33E+00
1124,00;1,33E+00
1125,00;1,32E+00
1126,00;1,32E+00
1127,00;1,31E+00
1128,00;1,31E+00
1129,00;1,30E+00
1130,00;1,30E+00
1131,00;1,30E+00
1132,00;1,29E+00
1133,00;1,29E+00
1134,00;1,29E+00
1135,00;1,29E+00
1136,00;1,29E+00
1137,00;1,28E+00
1138,00;1,28E+00
1139,00;1,27E+00
1140,00;1,27E+00
1141,00;1,27E+00
1142,00;1,26E+00
1143,00;1,26E+00
1144,00;1,25E+00
1145,00;1,25E+00
1146,00;1,25E+00
1147,00;1,24E+00
1148,00;1,24E+00
1149,00;1,23E+00
1150,00;1,23E+00
1151,00;1,23E+00
1152,00;1,22E+00
1153,00;1,22E+00
1154,00;1,21E+00
1155,00;1,21E+00
1156,00;1,21E+00
1157,00;1,21E+00
1158,00;1,20E+00
1159,00;1,20E+00
1160,00;1,19E+00
1161,00;1,19E+00
1162,00;1,19E+00
1163,00;1,18E+00
1164,00;1,18E+00
1165,00;1,18E+00
1166,00;1,17E+00
1167,00;1,17E+00
1168,00;1,17E+00
1169,00;1,17E+00
1170,00;1,16E+00
1171,00;1,16E+00
1172,00;1,16E+00
1173,00;1,15E+00
1174,00;1,15E+00
1175,00;1,15E+00
1176,00;1,14E+00
1177,00;1,14E+00
1178,00;1,14E+00
1179,00;1,14E+00
1180,00;1,13E+00
1181,00;1,13E+00
1182,00;1,13E+00
1183,00;1,12E+00
1184,00;1,12E+00
1185,00;1,12E+00
1186,00;1,11E+00
1187,00;1,10E+00
1188,00;1,10E+00
1189,00;1,09E+00
1190,00;1,09E+00
1191,00;1,09E+00
1192,00;1,08E+00
1193,00;1,07E+00
1194,00;1,07E+00
1195,00;1,07E+00
1196,00;1,07E+00
1197,00;1,07E+00
1198,00;1,07E+00
1199,00;1,06E+00
1200,00;1,06E+00
1201,00;1,06E+00
1202,00;1,06E+00
1203,00;1,06E+00
1204,00;1,06E+00
1205,00;1,06E+00
1206,00;1,06E+00
1207,00;1,06E+00
1208,00;1,06E+00
1209,00;1,06E+00
1210,00;1,05E+00
1211,00;1,05E+00
1212,00;1,04E+00
1213,00;1,04E+00
1214,00;1,04E+00
1215,00;1,03E+00
1216,00;1,03E+00
1217,00;1,02E+00
1218,00;1,02E+00
1219,00;1,02E+00
1220,00;1,01E+00
1221,00;1,01E+00
1222,00;1,01E+00
1223,00;1,00E+00
1224,00;1,00E+00
1225,00;1,00E+00
1226,00;9,96E-01
1227,00;9,91E-01
1228,00;9,84E-01
1229,00;9,81E-01
1230,00;9,79E-01
1231,00;9,76E-01
1232,00;9,75E-01
1233,00;9,73E-01
1234,00;9,71E-01
1235,00;9,65E-01
1236,00;9,62E-01
1237,00;9,61E-01
1238,00;9,59E-01
1239,00;9,56E-01
1240,00;9,57E-01
1241,00;9,55E-01
1242,00;9,55E-01
1243,00;9,54E-01
1244,00;9,51E-01
1245,00;9,49E-01
1246,00;9,42E-01
1247,00;9,39E-01
1248,00;9,37E-01
1249,00;9,35E-01
1250,00;9,33E-01
1251,00;9,32E-01
1252,00;9,28E-01
1253,00;9,27E-01
1254,00;9,25E-01
1255,00;9,21E-01
1256,00;9,18E-01
1257,00;9,16E-01
1258,00;9,13E-01
1259,00;9,12E-01
1260,00;9,10E-01
1261,00;9,08E-01
1262,00;9,06E-01
1263,00;9,04E-01
1264,00;9,00E-01
1265,00;8,99E-01
1266,00;8,97E-01
1267,00;8,94E-01
1268,00;8,92E-01
1269,00;8,91E-01
1270,00;8,89E-01
1271,00;8,86E-01
1272,00;8,83E-01
1273,00;8,81E-01
1274,00;8,78E-01
1275,00;8,74E-01
1276,00;8,73E-01
1277,00;8,70E-01
1278,00;8,69E-01
1279,00;8,67E-01
1280,00;8,68E-01
1281,00;8,66E-01
1282,00;8,65E-01
1283,00;8,63E-01
1284,00;8,62E-01
1285,00;8,60E-01
1286,00;8,57E-01
1287,00;8,52E-01
1288,00;8,51E-01
1289,00;8,49E-01
1290,00;8,47E-01
1291,00;8,44E-01
1292,00;8,43E-01
1293,00;8,43E-01
1294,00;8,41E-01
1295,00;8,39E-01
1296,00;8,38E-01
1297,00;8,35E-01
1298,00;8,33E-01
1299,00;8,32E-01
1300,00;8,32E-01
1301,00;8,31E-01
1302,00;8,29E-01
1303,00;8,28E-01
1304,00;8,24E-01
1305,00;8,23E-01
1306,00;8,21E-01
1307,00;8,19E-01
1308,00;8,17E-01
1309,00;8,15E-01
1310,00;8,13E-01
1311,00;8,12E-01
1312,00;8,11E-01
1313,00;8,11E-01
1314,00;8,09E-01
1315,00;8,08E-01
1316,00;8,04E-01
1317,00;8,04E-01
1318,00;8,00E-01
1319,00;7,97E-01
1320,00;7,97E-01
1321,00;7,95E-01
1322,00;7,94E-01
1323,00;7,93E-01
1324,00;7,91E-01
1325,00;7,90E-01
1326,00;7,90E-01
1327,00;7,89E-01
1328,00;7,88E-01
1329,00;7,87E-01
1330,00;7,84E-01
1331,00;7,84E-01
1332,00;7,82E-01
1333,00;7,81E-01
1334,00;7,79E-01
1335,00;7,79E-01
1336,00;7,74E-01
1337,00;7,74E-01
1338,00;7,73E-01
1339,00;7,70E-01
1340,00;7,68E-01
1341,00;7,67E-01
1342,00;7,66E-01
1343,00;7,65E-01
1344,00;7,65E-01
1345,00;7,62E-01
1346,00;7,61E-01
1347,00;7,60E-01
1348,00;7,57E-01
1349,00;7,56E-01
1350,00;7,54E-01
1351,00;7,54E-01
1352,00;7,52E-01
1353,00;7,51E-01
1354,00;7,50E-01
1355,00;7,47E-01
1356,00;7,45E-01
1357,00;7,44E-01
1358,00;7,44E-01
1359,00;7,41E-01
1360,00;7,40E-01
1361,00;7,39E-01
1362,00;7,38E-01
1363,00;7,36E-01
1364,00;7,37E-01
1365,00;7,35E-01
1366,00;7,34E-01
1367,00;7,32E-01
1368,00;7,32E-01
1369,00;7,31E-01
1370,00;7,31E-01
1371,00;7,29E-01
1372,00;7,27E-01
1373,00;7,27E-01
1374,00;7,26E-01
1375,00;7,23E-01
1376,00;7,18E-01
1377,00;7,17E-01
1378,00;7,16E-01
1379,00;7,15E-01
1380,00;7,15E-01
1381,00;7,13E-01
1382,00;7,13E-01
1383,00;7,12E-01
1384,00;7,11E-01
1385,00;7,11E-01
1386,00;7,10E-01
1387,00;7,10E-01
1388,00;7,09E-01
1389,00;7,06E-01
1390,00;7,07E-01
1391,00;7,06E-01
1392,00;7,05E-01
1393,00;7,03E-01
1394,00;7,01E-01
1395,00;7,01E-01
1396,00;7,00E-01
1397,00;6,98E-01
1398,00;6,97E-01
1399,00;6,96E-01
1400,00;6,93E-01
1401,00;6,94E-01
1402,00;6,93E-01
1403,00;6,92E-01
1404,00;6,90E-01
1405,00;6,88E-01
1406,00;6,87E-01
1407,00;6,84E-01
1408,00;6,82E-01
1409,00;6,82E-01
1410,00;6,80E-01
1411,00;6,79E-01
1412,00;6,78E-01
1413,00;6,74E-01
1414,00;6,74E-01
1415,00;6,71E-01
1416,00;6,68E-01
1417,00;6,66E-01
1418,00;6,66E-01
1419,00;6,64E-01
1420,00;6,64E-01
1421,00;6,61E-01
1422,00;6,59E-01
1423,00;6,59E-01
1424,00;6,52E-01
1425,00;6,54E-01
1426,00;6,51E-01
1427,00;6,47E-01
1428,00;6,47E-01
1429,00;6,44E-01
1430,00;6,45E-01
1431,00;6,41E-01
1432,00;6,41E-01
1433,00;6,39E-01
1434,00;6,39E-01
1435,00;6,38E-01
1436,00;6,36E-01
1437,00;6,36E-01
1438,00;6,35E-01
1439,00;6,34E-01
1440,00;6,34E-01
1441,00;6,32E-01
1442,00;6,32E-01
1443,00;6,31E-01
1444,00;6,29E-01
1445,00;6,29E-01
1446,00;6,28E-01
1447,00;6,27E-01
1448,00;6,25E-01
1449,00;6,24E-01
1450,00;6,24E-01
1451,00;6,23E-01
1452,00;6,23E-01
1453,00;6,22E-01
1454,00;6,22E-01
1455,00;6,21E-01
1456,00;6,22E-01
1457,00;6,21E-01
1458,00;6,22E-01
1459,00;6,21E-01
1460,00;6,21E-01
1461,00;6,20E-01
1462,00;6,20E-01
1463,00;6,20E-01
1464,00;6,19E-01
1465,00;6,19E-01
1466,00;6,19E-01
1467,00;6,17E-01
1468,00;6,16E-01
1469,00;6,15E-01
1470,00;6,15E-01
1471,00;6,12E-01
1472,00;6,12E-01
1473,00;6,09E-01
1474,00;6,09E-01
1475,00;6,07E-01
1476,00;6,05E-01
1477,00;6,05E-01
1478,00;6,04E-01
1479,00;6,03E-01
1480,00;6,02E-01
1481,00;6,01E-01
1482,00;6,01E-01
1483,00;6,00E-01
1484,00;5,98E-01
1485,00;5,98E-01
1486,00;5,97E-01
1487,00;5,96E-01
1488,00;5,95E-01
1489,00;5,96E-01
1490,00;5,95E-01
1491,00;5,94E-01
1492,00;5,90E-01
1493,00;5,89E-01
1494,00;5,88E-01
1495,00;5,87E-01
1496,00;5,86E-01
1497,00;5,83E-01
1498,00;5,83E-01
1499,00;5,83E-01
1500,00;5,83E-01
1501,00;5,82E-01
1502,00;5,80E-01
1503,00;5,79E-01
1504,00;5,79E-01
1505,00;5,78E-01
1506,00;5,77E-01
1507,00;5,75E-01
1508,00;5,74E-01
1509,00;5,73E-01
1510,00;5,72E-01
1511,00;5,72E-01
1512,00;5,71E-01
1513,00;5,69E-01
1514,00;5,70E-01
1515,00;5,68E-01
1516,00;5,67E-01
1517,00;5,66E-01
1518,00;5,64E-01
1519,00;5,64E-01
1520,00;5,64E-01
1521,00;5,62E-01
1522,00;5,62E-01
1523,00;5,61E-01
1524,00;5,61E-01
1525,00;5,61E-01
1526,00;5,60E-01
1527,00;5,59E-01
1528,00;5,59E-01
1529,00;5,59E-01
1530,00;5,58E-01
1531,00;5,57E-01
1532,00;5,57E-01
1533,00;5,56E-01
1534,00;5,54E-01
1535,00;5,52E-01
1536,00;5,51E-01
1537,00;5,50E-01
1538,00;5,51E-01
1539,00;5,48E-01
1540,00;5,48E-01
1541,00;5,46E-01
1542,00;5,45E-01
1543,00;5,44E-01
1544,00;5,44E-01
1545,00;5,42E-01
1546,00;5,43E-01
1547,00;5,42E-01
1548,00;5,42E-01
1549,00;5,41E-01
1550,00;5,40E-01
1551,00;5,39E-01
1552,00;5,40E-01
1553,00;5,39E-01
1554,00;5,39E-01
1555,00;5,38E-01
1556,00;5,38E-01
1557,00;5,37E-01
1558,00;5,37E-01
1559,00;5,37E-01
1560,00;5,35E-01
1561,00;5,35E-01
1562,00;5,35E-01
1563,00;5,34E-01
1564,00;5,32E-01
1565,00;5,32E-01
1566,00;5,31E-01
1567,00;5,31E-01
1568,00;5,30E-01
1569,00;5,28E-01
1570,00;5,28E-01
1571,00;5,27E-01
1572,00;5,27E-01
1573,00;5,25E-01
1574,00;5,26E-01
1575,00;5,25E-01
1576,00;5,23E-01
1577,00;5,23E-01
1578,00;5,23E-01
1579,00;5,21E-01
1580,00;5,21E-01
1581,00;5,19E-01
1582,00;5,18E-01
1583,00;5,19E-01
1584,00;5,18E-01
1585,00;5,18E-01
1586,00;5,17E-01
1587,00;5,17E-01
1588,00;5,16E-01
1589,00;5,15E-01
1590,00;5,15E-01
1591,00;5,15E-01
1592,00;5,14E-01
1593,00;5,13E-01
1594,00;5,11E-01
1595,00;5,10E-01
1596,00;5,11E-01
1597,00;5,10E-01
1598,00;5,09E-01
1599,00;5,08E-01
1600,00;5,07E-01
1601,00;5,07E-01
1602,00;5,06E-01
1603,00;5,04E-01
1604,00;5,04E-01
1605,00;5,04E-01
1606,00;5,03E-01
1607,00;5,04E-01
1608,00;5,02E-01
1609,00;5,01E-01
1610,00;5,00E-01
1611,00;5,00E-01
1612,00;4,99E-01
1613,00;4,99E-01
1614,00;4,99E-01
1615,00;4,98E-01
1616,00;4,97E-01
1617,00;4,97E-01
1618,00;4,97E-01
1619,00;4,96E-01
1620,00;4,96E-01
1621,00;4,94E-01
1622,00;4,94E-01
1623,00;4,94E-01
1624,00;4,94E-01
1625,00;4,93E-01
1626,00;4,93E-01
1627,00;4,91E-01
1628,00;4,91E-01
1629,00;4,89E-01
1630,00;4,88E-01
1631,00;4,86E-01
1632,00;4,86E-01
1633,00;4,86E-01
1634,00;4,86E-01
1635,00;4,86E-01
1636,00;4,85E-01
1637,00;4,85E-01
1638,00;4,85E-01
1639,00;4,84E-01
1640,00;4,84E-01
1641,00;4,83E-01
1642,00;4,82E-01
1643,00;4,82E-01
1644,00;4,81E-01
1645,00;4,81E-01
1646,00;4,82E-01
1647,00;4,81E-01
1648,00;4,81E-01
1649,00;4,80E-01
1650,00;4,80E-01
1651,00;4,80E-01
1652,00;4,79E-01
1653,00;4,78E-01
1654,00;4,78E-01
1655,00;4,76E-01
1656,00;4,76E-01
1657,00;4,75E-01
1658,00;4,75E-01
1659,00;4,75E-01
1660,00;4,73E-01
1661,00;4,72E-01
1662,00;4,71E-01
1663,00;4,69E-01
1664,00;4,68E-01
1665,00;4,67E-01
1666,00;4,65E-01
1667,00;4,65E-01
1668,00;4,65E-01
1669,00;4,65E-01
1670,00;4,65E-01
1671,00;4,64E-01
1672,00;4,64E-01
1673,00;4,64E-01
1674,00;4,64E-01
1675,00;4,62E-01
1676,00;4,62E-01
1677,00;4,61E-01
1678,00;4,61E-01
1679,00;4,61E-01
1680,00;4,60E-01
1681,00;4,60E-01
1682,00;4,60E-01
1683,00;4,60E-01
1684,00;4,59E-01
1685,00;4,58E-01
1686,00;4,58E-01
1687,00;4,57E-01
1688,00;4,57E-01
1689,00;4,55E-01
1690,00;4,57E-01
1691,00;4,56E-01
1692,00;4,55E-01
1693,00;4,54E-01
1694,00;4,51E-01
1695,00;4,51E-01
1696,00;4,52E-01
1697,00;4,50E-01
1698,00;4,48E-01
1699,00;4,46E-01
1700,00;4,45E-01
1701,00;4,45E-01
1702,00;4,45E-01
1703,00;4,46E-01
1704,00;4,45E-01
1705,00;4,45E-01
1706,00;4,44E-01
1707,00;4,44E-01
1708,00;4,44E-01
1709,00;4,43E-01
1710,00;4,43E-01
1711,00;4,41E-01
1712,00;4,42E-01
1713,00;4,40E-01
1714,00;4,40E-01
1715,00;4,37E-01
1716,00;4,37E-01
1717,00;4,37E-01
1718,00;4,37E-01
1719,00;4,36E-01
1720,00;4,36E-01
1721,00;4,35E-01
1722,00;4,35E-01
1723,00;4,34E-01
1724,00;4,35E-01
1725,00;4,34E-01
1726,00;4,33E-01
1727,00;4,33E-01
1728,00;4,33E-01
1729,00;4,32E-01
1730,00;4,32E-01
1731,00;4,30E-01
1732,00;4,30E-01
1733,00;4,30E-01
1734,00;4,28E-01
1735,00;4,27E-01
1736,00;4,27E-01
1737,00;4,27E-01
1738,00;4,26E-01
1739,00;4,26E-01
1740,00;4,23E-01
1741,00;4,24E-01
1742,00;4,24E-01
1743,00;4,22E-01
1744,00;4,23E-01
1745,00;4,22E-01
1746,00;4,21E-01
1747,00;4,20E-01
1748,00;4,19E-01
1749,00;4,19E-01
1750,00;4,19E-01
1751,00;4,18E-01
1752,00;4,17E-01
1753,00;4,16E-01
1754,00;4,16E-01
1755,00;4,14E-01
1756,00;4,15E-01
1757,00;4,14E-01
1758,00;4,15E-01
1759,00;4,14E-01
1760,00;4,13E-01
1761,00;4,12E-01
1762,00;4,11E-01
1763,00;4,12E-01
1764,00;4,11E-01
1765,00;4,12E-01
1766,00;4,11E-01
1767,00;4,09E-01
1768,00;4,09E-01
1769,00;4,09E-01
1770,00;4,08E-01
1771,00;4,08E-01
1772,00;4,07E-01
1773,00;4,07E-01
1774,00;4,06E-01
1775,00;4,06E-01
1776,00;4,05E-01
1777,00;4,05E-01
1778,00;4,05E-01
1779,00;4,04E-01
1780,00;4,04E-01
1781,00;4,04E-01
1782,00;4,03E-01
1783,00;4,03E-01
1784,00;4,02E-01
1785,00;4,01E-01
1786,00;4,02E-01
1787,00;4,01E-01
1788,00;4,00E-01
1789,00;4,00E-01
1790,00;4,00E-01
1791,00;3,98E-01
1792,00;3,98E-01
1793,00;3,97E-01
1794,00;3,96E-01
1795,00;3,99E-01
1796,00;3,97E-01
1797,00;3,97E-01
1798,00;3,97E-01
1799,00;3,96E-01
1800,00;3,96E-01
1801,00;3,95E-01
1802,00;3,94E-01
1803,00;3,93E-01
1804,00;3,94E-01
1805,00;3,93E-01
1806,00;3,93E-01
1807,00;3,93E-01
1808,00;3,92E-01
1809,00;3,92E-01
1810,00;3,92E-01
1811,00;3,92E-01
1812,00;3,91E-01
1813,00;3,91E-01
1814,00;3,90E-01
1815,00;3,90E-01
1816,00;3,91E-01
1817,00;3,89E-01
1818,00;3,89E-01
1819,00;3,89E-01
1820,00;3,88E-01
1821,00;3,88E-01
1822,00;3,87E-01
1823,00;3,85E-01
1824,00;3,87E-01
1825,00;3,85E-01
1826,00;3,85E-01
1827,00;3,84E-01
1828,00;3,85E-01
1829,00;3,83E-01
1830,00;3,83E-01
1831,00;3,83E-01
1832,00;3,81E-01
1833,00;3,81E-01
1834,00;3,81E-01
1835,00;3,79E-01
1836,00;3,78E-01
1837,00;3,78E-01
1838,00;3,78E-01
1839,00;3,77E-01
1840,00;3,77E-01
1841,00;3,77E-01
1842,00;3,75E-01
1843,00;3,76E-01
1844,00;3,75E-01
1845,00;3,75E-01
1846,00;3,75E-01
1847,00;3,75E-01
1848,00;3,74E-01
1849,00;3,74E-01
1850,00;3,73E-01
1851,00;3,73E-01
1852,00;3,72E-01
1853,00;3,73E-01
1854,00;3,71E-01
1855,00;3,72E-01
1856,00;3,72E-01
1857,00;3,71E-01
1858,00;3,71E-01
1859,00;3,71E-01
1860,00;3,70E-01
1861,00;3,69E-01
1862,00;3,70E-01
1863,00;3,70E-01
1864,00;3,69E-01
1865,00;3,68E-01
1866,00;3,68E-01
1867,00;3,67E-01
1868,00;3,66E-01
1869,00;3,67E-01
1870,00;3,66E-01
1871,00;3,65E-01
1872,00;3,65E-01
1873,00;3,64E-01
1874,00;3,64E-01
1875,00;3,65E-01
1876,00;3,63E-01
1877,00;3,62E-01
1878,00;3,63E-01
1879,00;3,61E-01
1880,00;3,59E-01
1881,00;3,59E-01
1882,00;3,61E-01
1883,00;3,60E-01
1884,00;3,60E-01
1885,00;3,58E-01
1886,00;3,57E-01
1887,00;3,58E-01
1888,00;3,58E-01
1889,00;3,57E-01
1890,00;3,57E-01
1891,00;3,56E-01
1892,00;3,56E-01
1893,00;3,55E-01
1894,00;3,54E-01
1895,00;3,55E-01
1896,00;3,53E-01
1897,00;3,54E-01
1898,00;3,54E-01
1899,00;3,52E-01
1900,00;3,51E-01
1901,00;3,50E-01
1902,00;3,50E-01
1903,00;3,50E-01
1904,00;3,49E-01
1905,00;3,49E-01
1906,00;3,48E-01
1907,00;3,48E-01
1908,00;3,48E-01
1909,00;3,48E-01
1910,00;3,48E-01
1911,00;3,47E-01
1912,00;3,47E-01
1913,00;3,46E-01
1914,00;3,46E-01
1915,00;3,45E-01
1916,00;3,44E-01
1917,00;3,45E-01
1918,00;3,44E-01
1919,00;3,44E-01
1920,00;3,44E-01
1921,00;3,44E-01
1922,00;3,43E-01
1923,00;3,42E-01
1924,00;3,42E-01
1925,00;3,41E-01
1926,00;3,41E-01
1927,00;3,42E-01
1928,00;3,41E-01
1929,00;3,41E-01
1930,00;3,40E-01
1931,00;3,39E-01
1932,00;3,39E-01
1933,00;3,39E-01
1934,00;3,40E-01
1935,00;3,39E-01
1936,00;3,40E-01
1937,00;3,38E-01
1938,00;3,37E-01
1939,00;3,37E-01
1940,00;3,36E-01
1941,00;3,35E-01
1942,00;3,34E-01
1943,00;3,35E-01
1944,00;3,35E-01
1945,00;3,34E-01
1946,00;3,35E-01
1947,00;3,34E-01
1948,00;3,34E-01
1949,00;3,34E-01
1950,00;3,34E-01
1951,00;3,32E-01
1952,00;3,33E-01
1953,00;3,32E-01
1954,00;3,33E-01
1955,00;3,32E-01
1956,00;3,32E-01
1957,00;3,31E-01
1958,00;3,30E-01
1959,00;3,30E-01
1960,00;3,29E-01
1961,00;3,29E-01
1962,00;3,28E-01
1963,00;3,28E-01
1964,00;3,27E-01
1965,00;3,27E-01
1966,00;3,27E-01
1967,00;3,27E-01
1968,00;3,26E-01
1969,00;3,27E-01
1970,00;3,25E-01
1971,00;3,25E-01
1972,00;3,25E-01
1973,00;3,26E-01
1974,00;3,25E-01
1975,00;3,24E-01
1976,00;3,24E-01
1977,00;3,23E-01
1978,00;3,23E-01
1979,00;3,23E-01
1980,00;3,22E-01
1981,00;3,22E-01
1982,00;3,22E-01
1983,00;3,22E-01
1984,00;3,22E-01
1985,00;3,21E-01
1986,00;3,20E-01
1987,00;3,20E-01
1988,00;3,20E-01
1989,00;3,19E-01
1990,00;3,19E-01
1991,00;3,19E-01
1992,00;3,18E-01
1993,00;3,18E-01
1994,00;3,18E-01
1995,00;3,18E-01
1996,00;3,17E-01
1997,00;3,17E-01
1998,00;3,17E-01
1999,00;3,17E-01
2000,00;3,17E-01
2001,00;3,16E-01
2002,00;3,15E-01
2003,00;3,15E-01
2004,00;3,15E-01
2005,00;3,14E-01
2006,00;3,14E-01
2007,00;3,13E-01
2008,00;3,14E-01
2009,00;3,13E-01
2010,00;3,12E-01
2011,00;3,12E-01
2012,00;3,11E-01
2013,00;3,11E-01
2014,00;3,11E-01
2015,00;3,11E-01
2016,00;3,10E-01
2017,00;3,11E-01
2018,00;3,10E-01
2019,00;3,09E-01
2020,00;3,08E-01
2021,00;3,09E-01
2022,00;3,08E-01
2023,00;3,08E-01
2024,00;3,07E-01
2025,00;3,08E-01
2026,00;3,07E-01
2027,00;3,07E-01
2028,00;3,07E-01
2029,00;3,06E-01
2030,00;3,07E-01
2031,00;3,06E-01
2032,00;3,05E-01
2033,00;3,05E-01
2034,00;3,05E-01
2035,00;3,05E-01
2036,00;3,05E-01
2037,00;3,04E-01
2038,00;3,04E-01
2039,00;3,03E-01
2040,00;3,03E-01
2041,00;3,03E-01
2042,00;3,03E-01
2043,00;3,03E-01
2044,00;3,03E-01
2045,00;3,02E-01
2046,00;3,03E-01
2047,00;3,03E-01
2048,00;3,02E-01
2049,00;3,01E-01
2050,00;3,00E-01
2051,00;3,00E-01
2052,00;3,00E-01
2053,00;3,00E-01
2054,00;3,00E-01
2055,00;2,98E-01
2056,00;2,98E-01
2057,00;2,98E-01
2058,00;2,98E-01
2059,00;2,99E-01
2060,00;2,97E-01
2061,00;2,96E-01
2062,00;2,96E-01
2063,00;2,97E-01
2064,00;2,96E-01
2065,00;2,96E-01
2066,00;2,95E-01
2067,00;2,95E-01
2068,00;2,94E-01
2069,00;2,94E-01
2070,00;2,94E-01
2071,00;2,93E-01
2072,00;2,93E-01
2073,00;2,93E-01
2074,00;2,92E-01
2075,00;2,93E-01
2076,00;2,92E-01
2077,00;2,92E-01
2078,00;2,92E-01
2079,00;2,92E-01
2080,00;2,91E-01
2081,00;2,91E-01
2082,00;2,91E-01
2083,00;2,91E-01
2084,00;2,91E-01
2085,00;2,91E-01
2086,00;2,90E-01
2087,00;2,90E-01
2088,00;2,89E-01
2089,00;2,89E-01
2090,00;2,88E-01
2091,00;2,88E-01
2092,00;2,88E-01
2093,00;2,88E-01
2094,00;2,88E-01
2095,00;2,87E-01
2096,00;2,87E-01
2097,00;2,87E-01
2098,00;2,86E-01
2099,00;2,86E-01
2100,00;2,86E-01
2101,00;2,86E-01
2102,00;2,85E-01
2103,00;2,85E-01
2104,00;2,85E-01
2105,00;2,85E-01
2106,00;2,85E-01
2107,00;2,85E-01
2108,00;2,84E-01
2109,00;2,84E-01
2110,00;2,83E-01
2111,00;2,83E-01
2112,00;2,83E-01
2113,00;2,83E-01
2114,00;2,83E-01
2115,00;2,83E-01
2116,00;2,82E-01
2117,00;2,83E-01
2118,00;2,82E-01
2119,00;2,82E-01
2120,00;2,82E-01
2121,00;2,82E-01
2122,00;2,82E-01
2123,00;2,82E-01
2124,00;2,81E-01
2125,00;2,81E-01
2126,00;2,81E-01
2127,00;2,81E-01
2128,00;2,80E-01
2129,00;2,80E-01
2130,00;2,81E-01
2131,00;2,81E-01
2132,00;2,79E-01
2133,00;2,80E-01
2134,00;2,80E-01
2135,00;2,79E-01
2136,00;2,79E-01
2137,00;2,79E-01
2138,00;2,78E-01
2139,00;2,78E-01
2140,00;2,77E-01
2141,00;2,78E-01
2142,00;2,78E-01
2143,00;2,77E-01
2144,00;2,77E-01
2145,00;2,77E-01
2146,00;2,77E-01
2147,00;2,76E-01
2148,00;2,76E-01
2149,00;2,77E-01
2150,00;2,76E-01
2151,00;2,75E-01
2152,00;2,76E-01
2153,00;2,75E-01
2154,00;2,75E-01
2155,00;2,75E-01
2156,00;2,74E-01
2157,00;2,74E-01
2158,00;2,73E-01
2159,00;2,73E-01
2160,00;2,73E-01
2161,00;2,73E-01
2162,00;2,72E-01
2163,00;2,71E-01
2164,00;2,71E-01
2165,00;2,71E-01
2166,00;2,70E-01
2167,00;2,71E-01
2168,00;2,70E-01
2169,00;2,70E-01
2170,00;2,70E-01
2171,00;2,70E-01
2172,00;2,68E-01
2173,00;2,70E-01
2174,00;2,70E-01
2175,00;2,69E-01
2176,00;2,68E-01
2177,00;2,68E-01
2178,00;2,68E-01
2179,00;2,68E-01
2180,00;2,68E-01
2181,00;2,68E-01
2182,00;2,67E-01
2183,00;2,67E-01
2184,00;2,67E-01
2185,00;2,67E-01
2186,00;2,67E-01
2187,00;2,67E-01
2188,00;2,66E-01
2189,00;2,66E-01
2190,00;2,66E-01
2191,00;2,66E-01
2192,00;2,65E-01
2193,00;2,64E-01
2194,00;2,64E-01
2195,00;2,63E-01
2196,00;2,63E-01
2197,00;2,64E-01
2198,00;2,63E-01
2199,00;2,63E-01
2200,00;2,63E-01
2201,00;2,62E-01
2202,00;2,62E-01
2203,00;2,62E-01
2204,00;2,62E-01
2205,00;2,62E-01
2206,00;2,61E-01
2207,00;2,61E-01
2208,00;2,61E-01
2209,00;2,60E-01
2210,00;2,61E-01
2211,00;2,59E-01
2212,00;2,60E-01
2213,00;2,59E-01
2214,00;2,59E-01
2215,00;2,59E-01
2216,00;2,59E-01
2217,00;2,58E-01
2218,00;2,58E-01
2219,00;2,58E-01
2220,00;2,58E-01
2221,00;2,58E-01
2222,00;2,57E-01
2223,00;2,57E-01
2224,00;2,57E-01
2225,00;2,57E-01
2226,00;2,56E-01
2227,00;2,56E-01
2228,00;2,56E-01
2229,00;2,55E-01
2230,00;2,55E-01
2231,00;2,55E-01
2232,00;2,55E-01
2233,00;2,54E-01
2234,00;2,54E-01
2235,00;2,54E-01
2236,00;2,54E-01
2237,00;2,53E-01
2238,00;2,54E-01
2239,00;2,53E-01
2240,00;2,53E-01
2241,00;2,53E-01
2242,00;2,52E-01
2243,00;2,52E-01
2244,00;2,51E-01
2245,00;2,51E-01
2246,00;2,51E-01
2247,00;2,51E-01
2248,00;2,51E-01
2249,00;2,50E-01
2250,00;2,50E-01
2251,00;2,50E-01
2252,00;2,50E-01
2253,00;2,50E-01
2254,00;2,50E-01
2255,00;2,49E-01
2256,00;2,49E-01
2257,00;2,49E-01
2258,00;2,48E-01
2259,00;2,49E-01
2260,00;2,48E-01
2261,00;2,48E-01
2262,00;2,47E-01
2263,00;2,47E-01
2264,00;2,48E-01
2265,00;2,47E-01
2266,00;2,47E-01
2267,00;2,46E-01
2268,00;2,46E-01
2269,00;2,46E-01
2270,00;2,46E-01
2271,00;2,46E-01
2272,00;2,45E-01
2273,00;2,44E-01
2274,00;2,44E-01
2275,00;2,44E-01
2276,00;2,44E-01
2277,00;2,43E-01
2278,00;2,44E-01
2279,00;2,43E-01
2280,00;2,43E-01
2281,00;2,43E-01
2282,00;2,43E-01
2283,00;2,42E-01
2284,00;2,42E-01
2285,00;2,42E-01
2286,00;2,42E-01
2287,00;2,42E-01
2288,00;2,42E-01
2289,00;2,41E-01
2290,00;2,42E-01
2291,00;2,41E-01
2292,00;2,40E-01
2293,00;2,41E-01
2294,00;2,40E-01
2295,00;2,40E-01
2296,00;2,40E-01
2297,00;2,39E-01
2298,00;2,39E-01
2299,00;2,40E-01
2300,00;2,40E-01
2301,00;2,39E-01
2302,00;2,39E-01
2303,00;2,39E-01
2304,00;2,38E-01
2305,00;2,37E-01
2306,00;2,38E-01
2307,00;2,38E-01
2308,00;2,38E-01
2309,00;2,37E-01
2310,00;2,37E-01
2311,00;2,36E-01
2312,00;2,36E-01
2313,00;2,36E-01
2314,00;2,36E-01
2315,00;2,36E-01
2316,00;2,36E-01
2317,00;2,36E-01
2318,00;2,36E-01
2319,00;2,35E-01
2320,00;2,35E-01
2321,00;2,35E-01
2322,00;2,34E-01
2323,00;2,34E-01
2324,00;2,34E-01
2325,00;2,34E-01
2326,00;2,34E-01
2327,00;2,33E-01
2328,00;2,33E-01
2329,00;2,33E-01
2330,00;2,33E-01
2331,00;2,33E-01
2332,00;2,33E-01
2333,00;2,32E-01
2334,00;2,32E-01
2335,00;2,31E-01
2336,00;2,32E-01
2337,00;2,32E-01
2338,00;2,32E-01
2339,00;2,31E-01
2340,00;2,31E-01
2341,00;2,30E-01
2342,00;2,30E-01
2343,00;2,29E-01
2344,00;2,29E-01
2345,00;2,29E-01
2346,00;2,28E-01
2347,00;2,29E-01
2348,00;2,28E-01
2349,00;2,29E-01
2350,00;2,29E-01
2351,00;2,29E-01
2352,00;2,28E-01
2353,00;2,28E-01
2354,00;2,28E-01
2355,00;2,27E-01
2356,00;2,27E-01
2357,00;2,26E-01
2358,00;2,26E-01
2359,00;2,26E-01
2360,00;2,25E-01
2361,00;2,25E-01
2362,00;2,26E-01
2363,00;2,24E-01
2364,00;2,23E-01
2365,00;2,24E-01
2366,00;2,24E-01
2367,00;2,24E-01
2368,00;2,24E-01
2369,00;2,23E-01
2370,00;2,23E-01
2371,00;2,22E-01
2372,00;2,22E-01
2373,00;2,21E-01
2374,00;2,21E-01
2375,00;2,21E-01
2376,00;2,21E-01
2377,00;2,21E-01
2378,00;2,21E-01
2379,00;2,21E-01
2380,00;2,20E-01
2381,00;2,21E-01
2382,00;2,21E-01
2383,00;2,20E-01
2384,00;2,20E-01
2385,00;2,21E-01
2386,00;2,20E-01
2387,00;2,19E-01
2388,00;2,18E-01
2389,00;2,19E-01
2390,00;2,19E-01
2391,00;2,19E-01
2392,00;2,18E-01
2393,00;2,18E-01
2394,00;2,18E-01
2395,00;2,18E-01
2396,00;2,17E-01
2397,00;2,17E-01
2398,00;2,17E-01
2399,00;2,17E-01
2400,00;2,17E-01
2401,00;2,16E-01
2402,00;2,16E-01
2403,00;2,15E-01
2404,00;2,15E-01
2405,00;2,14E-01
2406,00;2,14E-01
2407,00;2,14E-01
2408,00;2,14E-01
2409,00;2,14E-01
2410,00;2,14E-01
2411,00;2,14E-01
2412,00;2,14E-01
2413,00;2,13E-01
2414,00;2,13E-01
2415,00;2,13E-01
2416,00;2,13E-01
2417,00;2,12E-01
2418,00;2,12E-01
2419,00;2,12E-01
2420,00;2,12E-01
2421,00;2,11E-01
2422,00;2,11E-01
2423,00;2,12E-01
2424,00;2,12E-01
2425,00;2,13E-01
2426,00;2,11E-01
2427,00;2,11E-01
2428,00;2,11E-01
2429,00;2,11E-01
2430,00;2,10E-01
2431,00;2,11E-01
2432,00;2,10E-01
2433,00;2,10E-01
2434,00;2,10E-01
2435,00;2,10E-01
2436,00;2,10E-01
2437,00;2,10E-01
2438,00;2,10E-01
2439,00;2,09E-01
2440,00;2,09E-01
2441,00;2,09E-01
2442,00;2,09E-01
2443,00;2,09E-01
2444,00;2,08E-01
2445,00;2,08E-01
2446,00;2,07E-01
2447,00;2,08E-01
2448,00;2,07E-01
2449,00;2,08E-01
2450,00;2,07E-01
2451,00;2,07E-01
2452,00;2,07E-01
2453,00;2,07E-01
2454,00;2,07E-01
2455,00;2,07E-01
2456,00;2,07E-01
2457,00;2,06E-01
2458,00;2,05E-01
2459,00;2,05E-01
2460,00;2,06E-01
2461,00;2,06E-01
2462,00;2,06E-01
2463,00;2,05E-01
2464,00;2,05E-01
2465,00;2,04E-01
2466,00;2,04E-01
2467,00;2,04E-01
2468,00;2,04E-01
2469,00;2,04E-01
2470,00;2,04E-01
2471,00;2,04E-01
2472,00;2,04E-01
2473,00;2,03E-01
2474,00;2,03E-01
2475,00;2,03E-01
2476,00;2,03E-01
2477,00;2,02E-01
2478,00;2,02E-01
2479,00;2,01E-01
2480,00;2,01E-01
2481,00;2,02E-01
2482,00;2,02E-01
2483,00;2,02E-01
2484,00;2,01E-01
2485,00;2,00E-01
2486,00;2,01E-01
2487,00;2,00E-01
2488,00;2,00E-01
2489,00;2,00E-01
2490,00;2,01E-01
2491,00;1,99E-01
2492,00;2,01E-01
2493,00;1,99E-01
2494,00;2,00E-01
2495,00;2,00E-01
2496,00;1,99E-01
2497,00;1,99E-01
2498,00;1,98E-01
2499,00;1,98E-01
2500,00;1,98E-01
2501,00;1,98E-01
2502,00;1,97E-01
2503,00;1,97E-01
2504,00;1,97E-01
2505,00;1,96E-01
2506,00;1,96E-01
2507,00;1,96E-01
2508,00;1,96E-01
2509,00;1,96E-01
2510,00;1,95E-01
2511,00;1,95E-01
2512,00;1,95E-01
2513,00;1,96E-01
2514,00;1,95E-01
2515,00;1,95E-01
2516,00;1,95E-01
2517,00;1,94E-01
2518,00;1,94E-01
2519,00;1,94E-01
2520,00;1,94E-01
2521,00;1,94E-01
2522,00;1,94E-01
2523,00;1,93E-01
2524,00;1,93E-01
2525,00;1,93E-01
2526,00;1,93E-01
2527,00;1,92E-01
2528,00;1,93E-01
2529,00;1,93E-01
2530,00;1,92E-01
2531,00;1,92E-01
2532,00;1,92E-01
2533,00;1,92E-01
2534,00;1,92E-01
2535,00;1,92E-01
2536,00;1,92E-01
2537,00;1,91E-01
2538,00;1,91E-01
2539,00;1,91E-01
2540,00;1,91E-01
2541,00;1,91E-01
2542,00;1,91E-01
2543,00;1,91E-01
2544,00;1,91E-01
2545,00;1,91E-01
2546,00;1,90E-01
2547,00;1,90E-01
2548,00;1,90E-01
2549,00;1,90E-01
2550,00;1,90E-01
2551,00;1,90E-01
2552,00;1,89E-01
2553,00;1,89E-01
2554,00;1,89E-01
2555,00;1,89E-01
2556,00;1,89E-01
2557,00;1,88E-01
2558,00;1,88E-01
2559,00;1,88E-01
2560,00;1,88E-01
2561,00;1,88E-01
2562,00;1,88E-01
2563,00;1,88E-01
2564,00;1,88E-01
2565,00;1,88E-01
2566,00;1,88E-01
2567,00;1,87E-01
2568,00;1,87E-01
2569,00;1,87E-01
2570,00;1,87E-01
2571,00;1,87E-01
2572,00;1,87E-01
2573,00;1,87E-01
2574,00;1,87E-01
2575,00;1,86E-01
2576,00;1,86E-01
2577,00;1,86E-01
2578,00;1,86E-01
2579,00;1,85E-01
2580,00;1,86E-01
2581,00;1,86E-01
2582,00;1,86E-01
2583,00;1,85E-01
2584,00;1,85E-01
2585,00;1,85E-01
2586,00;1,85E-01
2587,00;1,85E-01
2588,00;1,85E-01
2589,00;1,85E-01
2590,00;1,85E-01
2591,00;1,85E-01
2592,00;1,84E-01
2593,00;1,84E-01
2594,00;1,84E-01
2595,00;1,84E-01
2596,00;1,84E-01
2597,00;1,84E-01
2598,00;1,83E-01
2599,00;1,84E-01
2600,00;1,84E-01
2601,00;1,83E-01
2602,00;1,82E-01
2603,00;1,83E-01
2604,00;1,82E-01
2605,00;1,83E-01
2606,00;1,83E-01
2607,00;1,82E-01
2608,00;1,82E-01
2609,00;1,82E-01
2610,00;1,82E-01
2611,00;1,82E-01
2612,00;1,82E-01
2613,00;1,81E-01
2614,00;1,81E-01
2615,00;1,81E-01
2616,00;1,81E-01
2617,00;1,81E-01
2618,00;1,81E-01
2619,00;1,80E-01
2620,00;1,81E-01
2621,00;1,80E-01
2622,00;1,80E-01
2623,00;1,80E-01
2624,00;1,80E-01
2625,00;1,80E-01
2626,00;1,80E-01
2627,00;1,79E-01
2628,00;1,79E-01
2629,00;1,78E-01
2630,00;1,78E-01
2631,00;1,79E-01
2632,00;1,79E-01
2633,00;1,78E-01
2634,00;1,78E-01
2635,00;1,78E-01
2636,00;1,78E-01
2637,00;1,78E-01
2638,00;1,78E-01
2639,00;1,78E-01
2640,00;1,77E-01
2641,00;1,77E-01
2642,00;1,77E-01
2643,00;1,77E-01
2644,00;1,77E-01
2645,00;1,77E-01
2646,00;1,76E-01
2647,00;1,77E-01
2648,00;1,77E-01
2649,00;1,76E-01
2650,00;1,76E-01
2651,00;1,76E-01
2652,00;1,76E-01
2653,00;1,76E-01
2654,00;1,76E-01
2655,00;1,75E-01
2656,00;1,75E-01
2657,00;1,75E-01
2658,00;1,75E-01
2659,00;1,74E-01
2660,00;1,75E-01
2661,00;1,74E-01
2662,00;1,74E-01
2663,00;1,74E-01
2664,00;1,74E-01
2665,00;1,74E-01
2666,00;1,74E-01
2667,00;1,74E-01
2668,00;1,74E-01
2669,00;1,74E-01
2670,00;1,74E-01
2671,00;1,73E-01
2672,00;1,73E-01
2673,00;1,74E-01
2674,00;1,73E-01
2675,00;1,73E-01
2676,00;1,73E-01
2677,00;1,73E-01
2678,00;1,72E-01
2679,00;1,72E-01
2680,00;1,72E-01
2681,00;1,72E-01
2682,00;1,72E-01
2683,00;1,72E-01
2684,00;1,72E-01
2685,00;1,72E-01
2686,00;1,72E-01
2687,00;1,72E-01
2688,00;1,72E-01
2689,00;1,71E-01
2690,00;1,71E-01
2691,00;1,71E-01
2692,00;1,71E-01
2693,00;1,71E-01
2694,00;1,71E-01
2695,00;1,70E-01
2696,00;1,70E-01
2697,00;1,70E-01
2698,00;1,70E-01
2699,00;1,70E-01
2700,00;1,69E-01
2701,00;1,69E-01
2702,00;1,69E-01
2703,00;1,69E-01
2704,00;1,69E-01
2705,00;1,69E-01
2706,00;1,69E-01
2707,00;1,69E-01
2708,00;1,68E-01
2709,00;1,68E-01
2710,00;1,68E-01
2711,00;1,68E-01
2712,00;1,68E-01
2713,00;1,68E-01
2714,00;1,68E-01
2715,00;1,68E-01
2716,00;1,68E-01
2717,00;1,67E-01
2718,00;1,67E-01
2719,00;1,67E-01
2720,00;1,67E-01
2721,00;1,67E-01
2722,00;1,67E-01
2723,00;1,67E-01
2724,00;1,66E-01
2725,00;1,67E-01
2726,00;1,66E-01
2727,00;1,66E-01
2728,00;1,66E-01
2729,00;1,66E-01
2730,00;1,66E-01
2731,00;1,66E-01
2732,00;1,66E-01
2733,00;1,66E-01
2734,00;1,66E-01
2735,00;1,65E-01
2736,00;1,65E-01
2737,00;1,65E-01
2738,00;1,65E-01
2739,00;1,65E-01
2740,00;1,65E-01
2741,00;1,65E-01
2742,00;1,65E-01
2743,00;1,65E-01
2744,00;1,64E-01
2745,00;1,64E-01
2746,00;1,64E-01
2747,00;1,64E-01
2748,00;1,64E-01
2749,00;1,64E-01
2750,00;1,64E-01
2751,00;1,64E-01
2752,00;1,63E-01
2753,00;1,64E-01
2754,00;1,64E-01
2755,00;1,63E-01
2756,00;1,63E-01
2757,00;1,63E-01
2758,00;1,63E-01
2759,00;1,63E-01
2760,00;1,63E-01
2761,00;1,63E-01
2762,00;1,63E-01
2763,00;1,62E-01
2764,00;1,62E-01
2765,00;1,62E-01
2766,00;1,62E-01
2767,00;1,62E-01
2768,00;1,62E-01
2769,00;1,61E-01
2770,00;1,62E-01
2771,00;1,62E-01
2772,00;1,61E-01
2773,00;1,61E-01
2774,00;1,61E-01
2775,00;1,61E-01
2776,00;1,61E-01
2777,00;1,61E-01
2778,00;1,60E-01
2779,00;1,60E-01
2780,00;1,60E-01
2781,00;1,60E-01
2782,00;1,60E-01
2783,00;1,60E-01
2784,00;1,60E-01
2785,00;1,60E-01
2786,00;1,60E-01
2787,00;1,59E-01
2788,00;1,60E-01
2789,00;1,59E-01
2790,00;1,60E-01
2791,00;1,59E-01
2792,00;1,59E-01
2793,00;1,59E-01
2794,00;1,59E-01
2795,00;1,59E-01
2796,00;1,59E-01
2797,00;1,59E-01
2798,00;1,59E-01
2799,00;1,58E-01
2800,00;1,58E-01
2801,00;1,58E-01
2802,00;1,58E-01
2803,00;1,58E-01
2804,00;1,58E-01
2805,00;1,58E-01
2806,00;1,58E-01
2807,00;1,58E-01
2808,00;1,58E-01
2809,00;1,57E-01
2810,00;1,57E-01
2811,00;1,57E-01
2812,00;1,57E-01
2813,00;1,56E-01
2814,00;1,56E-01
2815,00;1,56E-01
2816,00;1,56E-01
2817,00;1,56E-01
2818,00;1,56E-01
2819,00;1,56E-01
2820,00;1,56E-01
2821,00;1,56E-01
2822,00;1,56E-01
2823,00;1,55E-01
2824,00;1,55E-01
2825,00;1,55E-01
2826,00;1,55E-01
2827,00;1,55E-01
2828,00;1,55E-01
2829,00;1,55E-01
2830,00;1,55E-01
2831,00;1,54E-01
2832,00;1,55E-01
2833,00;1,54E-01
2834,00;1,54E-01
2835,00;1,54E-01
2836,00;1,54E-01
2837,00;1,54E-01
2838,00;1,54E-01
2839,00;1,54E-01
2840,00;1,54E-01
2841,00;1,54E-01
2842,00;1,53E-01
2843,00;1,53E-01
2844,00;1,53E-01
2845,00;1,53E-01
2846,00;1,53E-01
2847,00;1,53E-01
2848,00;1,53E-01
2849,00;1,53E-01
2850,00;1,53E-01
2851,00;1,53E-01
2852,00;1,52E-01
2853,00;1,52E-01
2854,00;1,52E-01
2855,00;1,52E-01
2856,00;1,52E-01
2857,00;1,53E-01
2858,00;1,52E-01
2859,00;1,52E-01
2860,00;1,52E-01
2861,00;1,52E-01
2862,00;1,52E-01
2863,00;1,52E-01
2864,00;1,52E-01
2865,00;1,52E-01
2866,00;1,51E-01
2867,00;1,51E-01
2868,00;1,52E-01
2869,00;1,51E-01
2870,00;1,51E-01
2871,00;1,51E-01
2872,00;1,51E-01
2873,00;1,51E-01
2874,00;1,50E-01
2875,00;1,50E-01
2876,00;1,50E-01
2877,00;1,51E-01
2878,00;1,51E-01
2879,00;1,50E-01
2880,00;1,50E-01
2881,00;1,50E-01
2882,00;1,50E-01
2883,00;1,50E-01
2884,00;1,50E-01
2885,00;1,49E-01
2886,00;1,49E-01
2887,00;1,50E-01
2888,00;1,49E-01
2889,00;1,49E-01
2890,00;1,49E-01
2891,00;1,49E-01
2892,00;1,49E-01
2893,00;1,49E-01
2894,00;1,50E-01
2895,00;1,49E-01
2896,00;1,49E-01
2897,00;1,49E-01
2898,00;1,49E-01
2899,00;1,48E-01
2900,00;1,49E-01
2901,00;1,48E-01
2902,00;1,48E-01
2903,00;1,48E-01
2904,00;1,48E-01
2905,00;1,48E-01
2906,00;1,48E-01
2907,00;1,48E-01
2908,00;1,48E-01
2909,00;1,48E-01
2910,00;1,48E-01
2911,00;1,47E-01
2912,00;1,47E-01
2913,00;1,47E-01
2914,00;1,47E-01
2915,00;1,47E-01
2916,00;1,47E-01
2917,00;1,47E-01
2918,00;1,47E-01
2919,00;1,46E-01
2920,00;1,46E-01
2921,00;1,46E-01
2922,00;1,46E-01
2923,00;1,46E-01
2924,00;1,46E-01
2925,00;1,46E-01
2926,00;1,46E-01
2927,00;1,46E-01
2928,00;1,45E-01
2929,00;1,46E-01
2930,00;1,45E-01
2931,00;1,45E-01
2932,00;1,45E-01
2933,00;1,45E-01
2934,00;1,45E-01
2935,00;1,45E-01
2936,00;1,45E-01
2937,00;1,45E-01
2938,00;1,45E-01
2939,00;1,44E-01
2940,00;1,44E-01
2941,00;1,44E-01
2942,00;1,44E-01
2943,00;1,44E-01
2944,00;1,44E-01
2945,00;1,44E-01
2946,00;1,44E-01
2947,00;1,44E-01
2948,00;1,44E-01
2949,00;1,44E-01
2950,00;1,44E-01
2951,00;1,44E-01
2952,00;1,44E-01
2953,00;1,44E-01
2954,00;1,43E-01
2955,00;1,44E-01
2956,00;1,44E-01
2957,00;1,43E-01
2958,00;1,43E-01
2959,00;1,43E-01
2960,00;1,43E-01
2961,00;1,43E-01
2962,00;1,43E-01
2963,00;1,43E-01
2964,00;1,43E-01
